number;title;goal;tipp;description;image;a;b;c1;c2;alltag;bei_der_arbeit;hilfe_holen;kommunikation;reisen;unterhaltung_kultur;unterwegs;zu_hause
1;Passende Weckmethoden;Finden Sie einen passenden Wecker für Ihre Bedürfnisse.;Ziehen Sie es in Erwägung, einen Wecker mit hellem Blinklicht oder Vibration zu nutzen, besonders wenn Sie unterwegs sind.;So werden Sie rechtzeitig geweckt und können Ihren Tag wie geplant beginnen.;Wecker.png;1;0;0;0;0;0;0;0;0;0;0;1
2;Weckmethoden bei Hörschädigung;Finden Sie einen passenden Wecker für Ihre Bedürfnisse.;Bei starker Hörschädigung sollten Sie in Erwägung ziehen, einen Wecker mit hellem Blinklicht oder Vibration zu nutzen, besonders wenn Sie unterwegs sind.;Ein solcher Wecker sorgt dafür, dass Sie trotz Ihrer Hörschädigung rechtzeitig geweckt werden und Ihren Tag wie geplant beginnen können.;Wecker.png;0;1;1;1;0;0;0;0;0;0;0;1
3;Rüttelkissen und -unterlagen;Finden Sie eine sanfte Weckmethode.;Wenn Lichtblitze am Morgen für Sie unangenehm sind, kann ein Rüttelkissen, das durch einen Lichtwecker aktiviert wird, eine gute Alternative sein. Es gibt auch Rüttelunterlagen, die das gesamte Bett vibrieren lassen, ideal für Tiefschläfer.;Rüttelkissen und -unterlagen sind sanfte Alternativen zu lauten Weckern und können eine weniger störende Methode sein, um aufzustehen.;Wecker.png;1;1;1;1;0;0;0;0;0;0;0;1
4;Armbanduhren mit Vibrationsalarm;Diskrete Weckmethode auch für Unterwegs.;Manchmal sind Armbanduhren mit einem Vibrationsalarm genau das, was Sie benötigen. Diese Uhren können unauffällig und effektiv sein, besonders wenn Sie unterwegs sind.;Eine Armbanduhr mit Vibrationsalarm ermöglicht es Ihnen, zuverlässig geweckt zu werden, ohne andere Personen in Ihrer Umgebung zu stören oder zusätzliche Geräte mitzunehmen.;Wecker.png;1;1;1;1;0;0;0;0;1;0;1;1
5;Verbesserte Türklingel-Wahrnehmung;Hören Sie Ihre Türklingel stets zuverlässig.;Um die Türkllingel zuverlässig zu hören und Besucher nicht unnötig warten zu lassen, können Sie den Klingelton lauter stellen, seinen Klang zu ändern oder ihn mit einem Licht- oder Vibrationssender zu verbinden.;Probieren Sie verschiedene Klangmuster aus und wählen sie den, den Sie am besten hören.;Türklingel.png;1;0;0;0;0;0;0;0;0;0;0;1
6;Verbesserte Türklingel-Wahrnehmung;Hören Sie Ihre Türklingel stets zuverlässig.;Um die Türkllingel zuverlässig zu hören und Besucher nicht unnötig warten zu lassen, können Sie den Klingelton lauter stellen, seinen Klang zu ändern oder ihn mit einem Licht- oder Vibrationssender zu verbinden.;Typischerweise betrifft ein Hörverlust helle Töne stärker als tiefere. Probieren Sie verschiedene Klangmuster aus und wählen sie den, den Sie am besten hören.;Türklingel.png;0;1;1;1;0;0;0;0;0;0;0;1
7;Signalübertragung der Türklingel;Seien Sie immer informiert, wenn es klingelt.;Verwenden Sie einen Sender, der das Klingeln per Mikrofon erfasst und dann als neues Signal über die Stromleitung oder per Funk an einen Empfänger weiterleitet.;So können Sie die Klingel auch wahrnehmen, wenn Sie sich nicht in direkter Nähe zur Tür befinden.;Türklingel.png;1;0;0;0;0;0;0;0;0;0;0;1
8;Signalübertragung der Türklingel;Seien Sie immer informiert, wenn es klingelt.;Eine innovative Methode zur Verbesserung der Klingelwahrnehmung ist die Verwendung eines Senders, der das Klingeln per Mikrofon erfasst und dann als neues Signal über die Stromleitung oder per Funk an einen Empfänger weiterleitet.;So können Sie die Klingel auch wahrnehmen, wenn Sie sich nicht in direkter Nähe zur Tür befinden.;Türklingel.png;0;1;1;1;0;0;0;0;0;0;0;1
9;Nutzen von tragbaren Funkempfängern;Hören Sie das Klingeln überall im Haus.;Wenn Sie den Klingelton jederzeit und überall hören möchten, ist es ratsam, tragbare Funkempfänger zu nutzen, die Sie entweder in die Steckdose stecken oder in Ihrer Nähe aufstellen oder an Ihre Kleidung klippen können.;Obwohl sie Batterien benötigen, stellen sie sicher, dass Sie das Klingeln selbst von entfernten Orten wie der Terrasse oder dem Garten aus nicht verpassen. Die Reichweite variiert je nach Gerät.;Signalanlagen.png;1;1;1;1;0;1;0;0;0;0;0;1
10;Signalanlagen im Haus;Behalten Sie alle Zimmer im Blick.;Mit handlichen Signalanlagen können Sie nicht nur das Klingeln an der Tür überwachen, sondern auch andere Bereiche des Hauses. Durch den Einsatz von Sendern in verschiedenen Räumen, können Sie beispielsweise die Haustürklingel, das Baby im Kinderzimmer und das Telefon im Wohnzimmer gleichzeitig überwachen. Sie erkennen den Ursprung des Signals anhand des Blink- oder Vibrationsrhythmus und den Symbolen.;Durch diese Systeme können Sie verschiedene Teile Ihres Hauses gleichzeitig überwachen und sicherstellen, dass Sie wichtige Signale nicht übersehen.;Signalanlagen.png;1;1;1;1;0;0;0;0;0;0;0;1
11;Alarmsysteme im Haus;Steigern Sie Ihre Sicherheit im Haus.;Ergänzen Sie Ihre Signalanlage mit Alarmsignalen von verschiedenen Geräten, wie Rauchmeldern oder Infrarot-Bewegungsmeldern. Diese Geräte warnen Sie bei Gefahr durch Licht oder Vibration.;Solche Alarmsysteme bieten eine zusätzliche Sicherheitsebene. Zum Beispiel, wenn ein Rauchmelder in der Küche Rauch erkennt oder wenn ein Bewegungsmelder eine unbefugte Bewegung am Fenster feststellt, erhalten Sie umgehend eine Warnung.;Signalanlagen.png;1;1;1;1;0;0;0;0;0;0;0;1
12;Gegensprechanlagen mit Bildschirm;Wissen Sie, wer vor Ihrer Tür steht.;Für zusätzlichen Komfort und Sicherheit können Sie eine Gegensprechanlage nutzen. Damit haben Sie nicht nur die Möglichkeit, mit der Person vor der Tür zu sprechen, sondern können auch auf einem Bildschirm sehen, wer es ist.;Eine Gegensprechanlage ermöglicht es Ihnen, Besucher zu identifizieren, bevor Sie die Tür öffnen, und gibt Ihnen so ein zusätzliches Gefühl von Sicherheit und Kontrolle.;Gegensprechanlage.png;1;1;1;1;0;0;0;0;0;0;0;1
13;Lichtsignal bei Zimmerbetritt;Vermeiden Sie Überraschungen beim Betreten des Zimmers.;Wenn jemand Ihr Zimmer betritt, kann ein kurzes Betätigen des Lichtschalters als Signal dienen. Eine Steigerung wäre, Schalter direkt vor dem Zimmer zu installieren.;Dies kann eine effektive Methode sein, um sich nicht unerwartet von anderen überraschen zu lassen, und so die Nervosität zu verringern.;Lichtsignal.png;1;0;0;0;0;1;0;0;0;0;0;1
14;Lichtsignal bei Zimmerbetritt;Vermeiden Sie Überraschungen beim Betreten des Zimmers.;Wenn jemand Ihr Zimmer betritt, kann ein kurzes Betätigen des Lichtschalters als Signal dienen. Eine Steigerung wäre, Schalter direkt vor dem Zimmer zu installieren.;Für Menschen, die nicht gut hören, kann dies eine effektive Methode sein, um sich nicht unerwartet von anderen überraschen zu lassen, und so die Nervosität zu verringern.;Lichtsignal.png;0;1;1;1;0;1;0;0;0;0;0;1
15;Vermeidung von Überraschungen durch diskrete Signalgeber;Erhalten Sie diskrete Hinweise auf Annäherungen.;Nutzen Sie vibrierende Signalgeber oder Schaltungen, die nur ein schwaches Licht erzeugen. Diese sind nur für Sie bemerkbar und stören Arbeitskollegen oder Mitbewohner möglicherweise weniger.;Diese Signale bieten eine unaufdringliche Möglichkeit, sich der Anwesenheit anderer bewusst zu werden, ohne auf akustische Hinweise angewiesen zu sein.;Diskreter Signalgeber.png;1;1;1;1;0;1;0;0;0;0;0;1
16;Annäherungserkennung durch körperliche Berührung;Erkennung der Annäherung anderer Menschen ohne akustisches Signal.;Verabreden Sie eine einfache Berührung, wie z.B. ein leichtes Auf-die-Schulter-Tippen, wenn sich jemand von hinten oder von der Seite nähert.;Solch eine Absprache ermöglicht es, unangenehme Überraschungen durch Annäherungen zu vermeiden und bietet eine einfache und respektvolle Art, auf die Anwesenheit anderer hinzuweisen.;Körperliche Berührung.png;1;1;1;1;1;1;0;1;0;0;0;1
17;Optische Signale für Haushaltsgeräte;Nehmen Sie alle Signale ihrer Haushaltsgeräte wahr;Wenn Sie sich neue Geräte anschaffen, fragen Sie nach Modellen, die akustische Signale durch optische ergänzen.;Optische Signale helfen, wichtige Benachrichtigungen von ihren Geräten nicht zu verpassen. Beispielsweise um auch außerhalb der Küche die laufende Dunstabzugshaube wahrzunehmen oder zu bemerken, dass das Waffeleisen klingelt.;Haushaltsgerät.png;1;0;0;0;0;0;0;0;0;0;0;1
18;Optische Signale für Haushaltsgeräte;Vermeiden Sie das Überhören von Signalen.;Wenn Sie sich neue Geräte anschaffen, fragen Sie nach Modellen, die akustische Signale durch optische ergänzen.;Optische Signale helfen Hörgeschädigten, wichtige Benachrichtigungen von ihren Geräten nicht zu verpassen. Beispielsweise wenn sie  außerhalb der Küche die laufende Dunstabzugshaube überhören oder nicht bemerken, dass das Waffeleisen klingelt.;Haushaltsgerät.png;0;1;1;1;0;0;0;0;0;0;0;1
19;Wahl leiserer Haushaltsgeräte;Mehr Komfort und weniger Störungen im Haushalt;Bei der Anschaffung größerer Geräte, wie Spülmaschinen oder Staubsauger, sollten Sie gezielt nach leiseren Modellen fragen.;Ein leiseres Gerät reduziert die Wahrscheinlichkeit, wichtige andere Signale zu überhören.;Haushaltsgerät.png;1;1;0;0;0;0;0;0;0;0;0;1
20;Wahl leiserer Haushaltsgeräte;Mehr Komfort und weniger Störungen im Haushalt;Bei der Anschaffung größerer Geräte, wie Spülmaschinen oder Staubsauger, sollten Sie gezielt nach leiseren Modellen fragen.;Ein leiseres Gerät reduziert die Notwendigkeit, Hörgeräte wegen störenden Geräuschen herauszunehmen, was wiederum die Wahrscheinlichkeit verringert, wichtige Signale zu überhören.;Haushaltsgerät.png;0;0;1;1;0;0;0;0;0;0;0;1
21;Anstecker für Hörgeschädigte;Verständigungsprobleme im Alltag minimieren;Wenn Sie trotz moderner Technik immer noch Schwierigkeiten beim Verstehen haben, tragen Sie ein Symbol für „Hörgeschädigte“ als Anstecker. Dieses Symbol, oft ein durchgestrichenes Ohr, informiert andere über Ihre Hörschwierigkeiten und kann bei der Kommunikation helfen.;Ein solcher Anstecker macht Ihr Gegenüber darauf aufmerksam, dass Sie hörgeschädigt sind und ermöglicht so ein besseres Verständnis und Rücksichtnahme im täglichen Miteinander.;Anstecker für Hörgeschädigte.png;0;1;1;1;1;0;0;1;1;0;1;0
22;Hinweiskästchen auf Reisen;Mehr Sicherheit beim Resien;Bei Reisen sollten Sie ein Hinweiskästchen für Hörgeschädigte dabei haben. Dieses Kästchen kann wichtige Informationen über Ihre Hörschwierigkeiten enthalten und im Notfall hilfreich sein.;Das Mitführen eines solchen Kästchens auf Reisen stellt sicher, dass andere Personen in verschiedenen Situationen, wie z.B. beim Einchecken oder bei der medizinischen Versorgung, über Ihre Hörschwierigkeiten informiert sind.;Anstecker für Hörgeschädigte.png;0;1;1;1;0;0;0;1;1;0;1;0
23;Durchgestrichenes Ohr-Symbol;Öffentliche Kenntlichmachung Ihrer Hörschwierigkeiten.;Das durchgestrichene Ohr-Symbol gibt es in verschiedenen Größen. Während große Aufkleber sich für die Rückseite Ihres Pkw eignen, können kleinere Symbole auf wichtige Dokumente geheftet werden.;Dieses Symbol ist ein universell verständliches Zeichen für Hörschwierigkeiten. Es hilft dabei, sowohl im Straßenverkehr als auch bei offiziellen Anlässen oder Terminen, andere über Ihre Hörschwierigkeiten zu informieren.;Anstecker für Hörgeschädigte.png;0;1;1;1;1;0;0;1;1;0;1;0
24;Vorbereitung für unterwegs;Eine reibungslose Kommunikation sicherstellen;Immer mit Papier und Stift aus dem Haus zu gehen hilft Ihnen, in Situationen, in denen die verbale Kommunikation nicht funktioniert, Nachrichten zu übermitteln.;Papier und Stift können als einfache, aber effektive Kommunikationsmittel dienen, insbesondere wenn technische Hilfsmittel versagen oder nicht verfügbar sind.;Papier und Stift.jpg;1;1;1;1;1;0;0;1;1;0;1;0
25;"Die ""Zaubertafel""";Schnelle und löschbare Kommunikation ermöglichen;"Eine ""Zaubertafel"" aus Kindertagen, auf der man Geschriebenes sofort wieder löschen kann, ist ein nützliches Tool, um schnell und effizient zu kommunizieren.";Mit einer solchen Tafel können Sie Botschaften schnell aufschreiben und ebenso schnell löschen, was sie zu einem praktischen Kommunikationsmittel macht.;zaubertafel.png;1;0;0;0;1;0;0;1;1;0;1;0
26;"Die ""Zaubertafel""";Schnelle und löschbare Kommunikation ermöglichen;"Eine ""Zaubertafel"" aus Kindertagen, auf der man Geschriebenes sofort wieder löschen kann, ist ein nützliches Tool für viele Hörgeschädigte, um schnell und effizient zu kommunizieren.";Mit einer solchen Tafel können Sie Botschaften schnell aufschreiben und ebenso schnell löschen, was sie zu einem praktischen Kommunikationsmittel macht.;zaubertafel.png;0;1;1;1;1;0;0;1;1;0;1;0
27;Handy für unterwegs;Digitale Kommunikation unterwegs.;Ein Handy, mit dem Sie vertraut sind, kann unterwegs sehr nützlich sein. Mit ihm können Sie Nachrichten tippen oder passende Apps nutzen.;Smartphones bieten viele Funktionen, die die Kommunikation erleichtern, von Textnachrichten bis hin zu spezialisierten Apps.;handy.jpg;1;0;0;0;1;0;0;1;1;0;1;0
28;Handy für unterwegs;Digitale Kommunikation unterwegs.;Ein Handy, mit dem Sie vertraut sind, kann unterwegs sehr nützlich sein. Mit ihm können Sie Nachrichten tippen oder spezielle Apps für Hörgeschädigte nutzen.;Smartphones bieten viele Funktionen, die die Kommunikation für Hörgeschädigte erleichtern, von Textnachrichten bis hin zu spezialisierten Apps.;handy.jpg;0;1;1;1;1;0;0;1;1;0;1;0
29;Einkaufen mit Hörgeräten;Erleben Sie einen stressfreien Einkauf.;Achten Sie darauf, Geschäfte zu wählen, in denen der Geräuschpegel nicht zu hoch ist. Hintergrundmusik kann störend sein, besonders wenn Sie versuchen, einem Verkäufer zuzuhören oder sich beraten zu lassen.;"Eine Hörschädigung wirkt sich stärker auf das Verstehen aus, wenn der Geräuschpegel hoch ist. Ein ruhiges Umfeld erleichtert die Kommunikation und verringert die Höranstrengung. So ist das Einkaufserlebnis für angenehmer und  ermüdet Sie weniger.
 ";Einkaufen.jpg;0;0;1;1;1;0;0;0;0;0;1;0
30;Friseurbesuch mit Hörgeräten;Verstehen Sie Ihren Friseur und genießen Sie Ihren Termin.;Es kann hilfreich sein, vorab mitzuteilen, dass Sie ein Hörgerät tragen, um mögliche Kommunikationshindernisse zu vermindern. Wenn der Föhn zu laut wird, können Sie Ihr Hörgerät vorübergehend herausnehmen.;Die klare Kommunikation mit Ihrem Friseur kann dazu beitragen, Missverständnisse zu vermeiden und sicherzustellen, dass Sie zufrieden mit dem Ergebnis sind.;Friseur.jpg;0;0;1;1;1;0;0;0;0;0;1;0
31;Pflege von Hörgeräten beim Friseur;Schützen Sie Ihre Hörgeräte vor Schäden.;Beim Waschen, Färben, Schneiden oder Sitzen unter dem Haartrockner sollten Sie Ihre Hörgeräte herausnehmen. Feuchtigkeit und Hitze können den empfindlichen Elektronikkomponenten der Hörgeräte schaden.;Durch vorbeugende Maßnahmen können Sie die Lebensdauer Ihrer Hörgeräte verlängern und sicherstellen, dass sie weiterhin einwandfrei funktionieren.;Friseur.jpg;0;0;1;1;1;0;0;0;0;0;1;0
32;Türöffnungssignal erkennen;Hören Sie das Türöffnungssignal.;Wenn der Straßenverkehr laut ist oder der Summton des Türsummers zu leise ist, legen Sie Ihre Hand auf den Lautsprecher, um Vibrationen zu spüren. Eine andere Lösung wäre die Verwendung von Türsystemen, die optische Rückmeldungen, z.B. ein grünes Licht, bieten.;Durch die Wahrnehmung von Vibrationen oder optischen Signalen können Sie sicherstellen, dass Sie keinen Türsummer überhören, auch wenn der akustische Ton schwer zu hören ist.;türklingel.jpg;1;1;1;1;1;0;0;0;1;0;1;0
33;Besuche in unbekanntem Umfeld;Problemlose Kommunikation bei Besuchen.;Wenn Sie Besuche in unbekannten Umgebungen planen, sprechen Sie mögliche Probleme im Voraus mit den Gastgebern ab. Vielleicht können Sie ein spezielles Klingelsignal vereinbaren.;Die Vorbesprechung von potenziellen Kommunikationsproblemen mit den Gastgebern kann dazu beitragen, Missverständnisse zu vermeiden und den Besuch angenehmer zu gestalten.;türklingel.jpg;1;1;1;1;1;0;0;0;1;0;1;0
34;Behördengänge;Reibungsloser Ablauf bei Behördengängen.;Wenn Sie zu Behörden gehen und die Lautsprecherdurchsagen nicht von einem visuellen Signal (z.B. einer Anzeigetafel mit Wartenummern) begleitet werden, bitten Sie darum, persönlich abgeholt zu werden, wenn Sie an der Reihe sind.;Dies stellt sicher, dass Sie keinen Aufruf verpassen und Ihre Anliegen bei der Behörde ohne unnötige Verzögerungen oder Missverständnisse bearbeitet werden.;behörde.jpg;1;0;0;0;1;0;0;0;1;0;1;0
35;Behördengänge mit Hörschwierigkeiten;Reibungsloser Ablauf bei Behördengängen.;Wenn Sie zu Behörden gehen und die Lautsprecherdurchsagen nicht von einem visuellen Signal (z.B. einer Anzeigetafel mit Wartenummern) begleitet werden, bitten Sie darum, persönlich abgeholt zu werden, wenn Sie an der Reihe sind.;Dies stellt sicher, dass Sie keinen Aufruf verpassen und Ihre Anliegen bei der Behörde ohne unnötige Verzögerungen oder Missverständnisse bearbeitet werden.;behörde.jpg;0;1;1;1;1;0;0;0;1;0;1;0
36;Kulturelle Veranstaltungen mit Hörgeräten;Genießen Sie Kultur trotz Hörschwierigkeiten.;Nutzen Sie Kirchen und Konzertsäle, die mit Ringschleifen ausgestattet sind oder moderne Funktechnik einsetzen. Erkundigen Sie sich vor dem Besuch einer Veranstaltung beim Veranstalter oder suchen Sie im Internet nach „barrierefrei“ oder „Induktion“ in Kombination mit dem Namen Ihrer Stadt.;"Es gibt viele kulturelle Orte, die für Menschen mit Hörgeräten zugänglich sind, und viele Ressourcen, die Ihnen helfen, diese Orte zu finden.

Ringschleifen sind spezielle Vorrichtungen, die elektromagnetische Signale senden, die von Hörgeräten aufgenommen werden können, um den Klang direkt zu verstärken. Es bietet klaren Sound ohne Hintergrundgeräusche";theater.jpg;0;0;1;1;0;0;0;0;0;1;0;0
37;Deutsche Schwerhörigenbund's Verzeichnis;Bleiben Sie über geeignete Orte bezüglich kulturellen Verantstaltungen informiert.;Der Deutsche Schwerhörigenbund erstellt ein Verzeichnis über Veranstaltungsorte, die mit Ringschleifen-, Infrarot- oder Funkanlagen ausgestattet sind. Beteiligen Sie sich und erkennen Sie die Orte anhand von speziellen Symbolen.;Dieses Verzeichnis ist eine großartige Ressource für Hörgeschädigte, um kulturelle Veranstaltungen zu finden, die für sie geeignet sind.;dsb.png;0;1;1;1;0;0;0;0;0;1;0;0
38;Auswahl des Veranstaltungsorts;Entscheiden Sie basierend auf Ihren individuellen Bedürfnissen.;Überlegen Sie, welche Art von Veranstaltungen für Sie am angenehmsten sind, aber scheuen Sie sich nicht davor, Verschiedenes auszuprobieren.;Jede kulturelle Erfahrung ist einzigartig, und was dem einen passt, gefällt   einen anderen vielleicht nicht. Entscheiden Sie nach Ihren Bedürfnissen und Vorlieben.;Ticket.jpg;1;0;0;0;0;0;0;0;0;1;0;0
39;Auswahl des Veranstaltungsorts;Entscheiden Sie basierend auf Ihren individuellen Bedürfnissen.;Es mag sein, dass Sie bei einer Fotoausstellung weniger Schwierigkeiten haben als bei einem Theaterstück. Überlegen Sie, welche Art von Veranstaltung für Sie am angenehmsten ist, aber scheuen Sie sich nicht davor, beide auszuprobieren.;Jede kulturelle Erfahrung ist einzigartig, und was für einen funktioniert, funktioniert vielleicht nicht für einen anderen. Entscheiden Sie nach Ihren Bedürfnissen und Vorlieben.;Ticket.jpg;0;1;1;1;0;0;0;0;0;1;0;0
40;Museumsbesuch zur richtigen Zeit ;Einen angenehmen Museumsbesuch erleben;Nutzen Sie besucherschwache Zeiten für einen ruhigeren Rundgang.;In Zeiten mit weniger Besuchern ist das Museumsumfeld ruhiger, was das Hören und Verstehen der Ausstellungen erleichtern kann, ohne von großen Menschenmengen gestört zu werden.;museum.jpg;1;1;1;1;0;0;0;0;0;1;0;0
41;Besseres Verständnis dank Audi-Guides;Das Verständnis bei Führungen verbessern;Ziehen Sie Audio-Guides mit vorfabrizierten Führungen in Betracht.;Professionelle Führungen sind oft schwer zu verstehen, vor allem dann, wenn sich der Sprecher immer wieder vom Publikum - also von Ihnen - abwendet. Audio-Guides mit klarer Artikulation und der Möglichkeit, Passagen zu wiederholen, können hier Abhilfe schaffen.;Audioguide.jpg;1;1;1;1;0;0;0;0;0;1;0;0
42;Audio-Guide mit Hörgerät;Optimalen Ton bei Nutzung von Audio-Guides;Passen Sie die Audio-Guides an Ihre Hörgeräte an. Je nach dem können Sie die Audio-Guides direkt mit Ihren Hörgeräte verbinden. ;Je nach Hörgerätetyp können Sie die Audio-Guides über einen Audioschuh (Ein Audioschuh ist ein Hörgerätezubehör, das für die direkte Verbindung zwischen einem externen Audiogerät und dem Hörgerät dient und üblicherweise an der Unterseite des Hörgeräts befestigt wird.) oder Audioeingang anschließen oder mittels einer Induktions-Halsschlaufe und der T-/T/M-Einstellung nutzen. Dies verbessert die Audioqualität erheblich und kann die Notwendigkeit, Hörgeräte herauszunehmen, eliminieren.;Audioguide.jpg;0;0;1;1;0;0;0;0;0;1;0;0
43;Induktions-Halsschlaufen mit Hörgerät;Die vielseitige Verwendung von Induktions-Halsschlaufen nutzen;Erwägen Sie die Anschaffung einer Induktions-Halsschlaufe. Diese können Sie mit verschiedenen Audioquellen wie Walkman, Discman, MP3-Player oder dem häuslichen Radio verbinden.;Induktive Höranlagen erweitern die Nutzungsmöglichkeiten Ihres Hörgeräts, indem sie kompatibel mit verschiedenen Audioquellen gemacht werden.;Audioguide.jpg;0;0;1;1;1;0;0;0;0;1;0;0
44;Video-Guides mit Gebärdensprache;Museumsbesuch ohne Kommunikationsbarrieren erleben;Nutzen Sie Video-Guides, die in Gebärdensprache durchs Museum führen.;Video-Guides, die in Gebärdensprache verfügbar sind, ermöglichen es hörgeschädigten Personen, Ausstellungen und Kunstwerke ohne Kommunikationsbarrieren zu erleben.;Audioguide.jpg;0;1;1;1;0;0;0;0;0;1;0;0
45;Induktionsschleifen im Kino;Kinofilme mit Hörgerät  besser verstehen;Wählen Sie Kinos aus, die mit einer Induktionsschleife ausgestattet sind.;Induktionsschleifen übertragen den Ton direkt an Ihr Hörgerät und verbessern das Hörerlebnis, indem sie Hintergrundgeräusche reduzieren.;Audioguide.jpg;0;0;1;1;0;0;0;0;0;1;0;0
46;Kinofilme in Muttersprache;Lippenlesen im Kino ermöglichen;Bevorzugen Sie Kinofilme in deutscher Sprache, um Lippenlesen zu ermöglichen.;Das Lippenlesen kann das Verständnis des Dialogs verbessern, besonders wenn es in Ihrer Muttersprache ist.;Kino.jpg;1;1;1;1;0;0;0;0;0;1;0;0
47;Filme mit Untertiteln;Filme besser verstehen;Wählen Sie untertitelte Filme für ein besseres Verständnis.;Untertitel helfen, dem Film zu folgen, selbst wenn der Ton schwer zu verstehen.;Kino.jpg;1;1;0;0;0;0;0;0;0;1;0;0
48;Filme mit Untertiteln;Filme besser verstehen;Wählen Sie untertitelte Filme für ein besseres Verständnis.;Untertitel helfen, dem Film zu folgen, selbst wenn der Ton schwer zu verstehen ist oder wenn Sie sich entscheiden, Ihre Hörgeräte nicht zu benutzen.;Kino.jpg;0;0;1;1;0;0;0;0;0;1;0;0
49;Kinobesuche ohne Hörgeräte;Vermeidung von akustischer Überlastung bei Kinobesuchen;Verzichten Sie bei untertitelten Filmen auf Hörgeräte, wenn die Musik stört.;Ohne störende Hintergrundmusik kann sich das Augenmerk ganz auf die visuellen Elemente und Untertitel konzentrieren.;Kino.jpg;0;0;1;1;0;0;0;0;0;1;0;0
50;Filme auf DVD, blu-ray oder Video;Vermeidung von akustischer Überlastung bei Kinobesuchen;Schauen Sie Filme lieber zu Hause, wenn sie Untertitel bieten.;DVDs , Blue-rays oder Videos ermöglichen es Ihnen, Untertitel zu nutzen und das Filmerlebnis in Ihrer eigenen Umgebung anzupassen.;Kino.jpg;1;1;1;1;0;0;0;0;0;1;0;0
51;Untertitel-Brille;Individuelle Untertitel-Anzeige;Nutzen Sie spezielle Brillen, die Untertitel im Kino einblenden.;Diese Brillen projizieren Untertitel direkt in Ihr Sichtfeld, was eine diskrete und persönliche Lösung zum Verfolgen des Filminhalts darstellt.;Kino.jpg;1;1;1;1;0;0;0;0;0;1;0;0
52;Einsatz moderner Technik im Konzert;Steigerung des Hörerlebnisses bie Konzerten;Nutzen Sie moderne Technik wie Induktions- und Funkanlagen in Konzertsälen, um Ihren Hörverlust zu kompensieren.;Induktions- und Funkanlagen in Konzertsälen übertragen die Musik direkt an Ihre Hörgeräte, was die Klangqualität verbessert und Hintergrundgeräusche minimiert.;Konzert.jpg;0;0;1;1;0;0;0;0;0;1;0;0
53;Schutz des Gehörs bei Live-Konzerten;Sicherer Musikgenuss;Halten Sie die Lautstärke und Dauer von lauten Konzerten in Massen, besonders nach einem Hörsturz.;"Zu laute Musik kann das Gehör schädigen. Die Intensität und Dauer der Beschallung sollten kontrolliert werden.
Direkt nach einem Hörsturz (plötzlicher, meist einseitiger Hörverlust ohne erkennbare äussere Ursache) ist das Gehör besonders empfindlich. Laute Geräusche können den Heilungsprozess stören oder weitere Schäden verursachen.";Konzert.jpg;1;1;1;1;0;0;0;0;0;1;0;0
54;Anpassung an kulturelle Umgebungen;Realistische Erwartungshaltung an kulturellen Erlebnisse;Akzeptieren Sie, dass die Raumakustik, Ihre Verfassung und die Darbietungen die Wahrnehmung beeinflussen.;Das Hörerlebnis ist subjektiv und wird von vielen Faktoren beeinflusst. Manchmal liegen die Gründe für eine unbefriedigende Erfahrung ausserhalb Ihrer Kontrolle.;Konzert.jpg;1;1;1;1;0;0;0;0;0;1;0;0
55;Sport trotz Hörverlust;Genuss von Sport trotz Hörverlust;Suchen Sie nach Sportgruppen für Hörgeschädigte oder probieren Sie verschiedene Sportarten aus.;Mit gleichbetroffenen Sportpartnern oder durch das Ausprobieren verschiedener Sportarten finden Sie heraus, was am besten zu Ihren Bedürfnissen passt.;turnhalle.jpg;0;0;1;1;0;0;0;0;0;0;0;0
56;Hörgeräte beim Sport ;Komfort beim Sport verbessern;Wählen Sie Sportarten aus, bei denen Hörgeräte nicht stören oder spezielle Ausrüstung für den Sport nutzen.;Bei manchen Sportarten wie Mannschaftssport in der Halle können Hörgeräte durch Akustik und Körperkontakt störend sein. Alternativen oder spezielle Ausrüstungen (wie bspw. Feuchtigkeits- und Stossschutz für Hörgeräte oder Knochenleitungshörgeräte) können helfen.;turnhalle.jpg;0;0;1;1;0;0;0;0;0;0;0;0
57;Hörgeräte beim Sport richtig tragen;Druck- und Rückkopplungseffekte beim Sport vermeiden;Achten Sie auf den richtigen Sitz Ihrer Hörgeräte, um Druck- und Rückkopplungseffekte zu minimieren.;Unbequemlichkeiten durch Druck auf die Hörgeräte bei körperlicher Anstrengung können reduziert werden, indem man den Sitz und die Passform überprüft.;turnhalle.jpg;0;0;1;1;0;0;0;0;0;0;0;0
58;Hörgeräte vor Feuchtigkeit schützen;Langlebigkeit der Hörgeräte sicherstellen;Wählen Sie Hörgeräte, die gegen Schweiss resistent sind, besonders wenn Sport eine wichtige Rolle spielt.;Wenn Sie oft Sport treiben, ist es wichtig, Hörgeräte zu wählen, die gegen Schweiss und Feuchtigkeit geschützt sind.;schwimmen.jpg;0;0;1;1;0;0;0;0;0;0;0;0
59;Schwimmen mit Hörgeräten;Schwimmen mit Hörhilfen ermöglichen;Nutzen Sie wasserdichte Hörgeräte, um auch im Wasser nicht auf Hörhilfen verzichten zu müssen.;Moderne Hörgeräte, die Oberflächennässe vertragen, ermöglichen das Schwimmen ohne Verzicht auf das Hören.;schwimmen.jpg;0;0;1;1;0;0;0;0;0;0;0;0
60;Wintersport mit Hörgeräten;Rückkopplung beim Wintersport vermeiden;Wählen Sie eine passende Kopfbedeckung, die keine Rückkopplung bei Ihren Hörgeräten verursacht.;Um beim Wintersport unangenehme Rückkopplungsgeräusche zu vermeiden, sollte die Kopfbedeckung nicht zu eng sitzen.;skifahren.jpg;0;0;1;1;0;0;0;0;0;0;0;0
61;Sicherheit beim Alpinsport;Vorsicht bei schnellen Sportarten sicherstellen;Seien Sie bei schnellen Sportarten wie Ski oder Snowboard aufgrund des eingeschränkten Hörens besonders achtsam.;Bei Sportarten mit hoher Geschwindigkeit muss man wegen des reduzierten Hörvermögens besonders auf visuelle Hinweise achten.;skifahren.jpg;0;1;1;1;0;0;0;0;0;0;0;0
62;Empfohlene Sportarten;Die passende Sportart wählen;Erkunden Sie ruhigere Sportarten, die weniger akustische Orientierung benötigen.;Sportarten wie Qigong, Tai-Chi, Wandern oder Golf sind gut geeignet, da sie weniger von akustischen Signalen abhängen und ein geringeres Verletzungsrisiko bieten.;yoga.jpg;1;1;1;1;0;0;0;0;0;0;0;0
63;Reisen mit Hörgeräten;Reisen und Mobilität erleichtern;Nutzen Sie Hörgeräte, um unterwegs besser hören zu können.;Hörgeräte verbessern das Hörvermögen und ermöglichen es Ihnen, wichtige Umgebungsgeräusche wie Durchsagen bei Bahnfahrten oder Flügen wahrzunehmen.;Flughafen.jpg;0;0;1;1;0;0;0;0;1;0;0;0
64;Gruppenreisen für Hörgeschädigte;Soziale Interaktion und Sicherheit beim Reisen;Schliessen Sie sich Gruppenreisen an, die speziell für Hörgeschädigte organisiert werden.;Gruppenreisen bieten die Möglichkeit, gemeinsam mit anderen Betroffenen zu verreisen, was das Sicherheitsgefühl erhöht und den Austausch mit Gleichgesinnten ermöglicht.;Flughafen.jpg;0;1;1;1;0;0;0;0;1;0;0;0
65;Spezialreisen für Hörgeschädigte;Zugeschnittene Reiseerfahrungen;Erkundigen Sie sich nach Spezialreisen, die auf die Bedürfnisse von Hörgeschädigten ausgerichtet sind.;Spezialisierte Anbieter organisieren Reisen, die auf die besonderen Bedürfnisse von Hörgeschädigten abgestimmt sind, mit entsprechender Betreuung und Unterstützung.;Flughafen.jpg;0;1;1;1;0;0;0;0;1;0;0;0
66;Hörgeräte und Strassenverkehr;Hörgeräte dem Strassenverkehr anpassen;Bei der Anpassung von Hörgeräten sollte der Strassenverkehr laut, aber erträglich eingestellt werden.;Da der Strassenverkehr anfangs überwältigend laut erscheinen kann, ist eine sorgfältige Einstellung der Hörgeräte erforderlich, um Sicherheit zu gewährleisten, ohne zu überfordern.;Verkehr.jpg;0;0;1;1;1;0;0;0;1;0;1;0
67;Sicherheit im Strassenverkehr;Verbesserte Wahrnehmung und Sicherheit;Achten Sie auf verstärkte visuelle Wahrnehmung, da das Richtungshören eingeschränkt sein könnte.;Aufgrund des eingeschränkten Richtungshörens müssen hörgeschädigte Personen mehr Informationen visuell aufnehmen, um sicher am Strassenverkehr teilzunehmen.;Verkehr.jpg;0;1;1;1;1;0;0;0;1;0;1;0
68;Vorsicht an Kreuzungen;Unfälle vermeiden;Seien Sie an Kreuzungen besonders aufmerksam und achten Sie auf abbiegende Fahrzeuge.;Kreuzungen stellen ein erhöhtes Risiko dar, da herannahende Fahrzeuge oft zu spät akustisch wahrgenommen werden.;Verkehr.jpg;1;1;1;1;1;0;0;0;1;0;1;0
69;Umgang mit Fahrrädern;Gefahrenbewusstsein erhöhen;Seien Sie sich der Gefahr durch (klingelnde) Fahrräder, besonders von hinten, bewusst.;Da Fahrräder oft leise sind und schnell herannahen, ist besondere Aufmerksamkeit erforderlich, um Kollisionen zu vermeiden.;Verkehr.jpg;1;1;1;1;1;0;0;0;1;0;1;0
70;Fahrradfahren mit Hörbeeinträchtigung;Sicherheit beim Radfahren richtig bewerten;Die Entscheidung, Fahrrad zu fahren, sollte von individuellen Fähigkeiten und den örtlichen Gegebenheiten abhängig gemacht werden.;Faktoren wie das Ausmass der Hörbeeinträchtigung, Gleichgewichtsfähigkeit, Verkehrsdichte und Fahrradwegnetz sollten bei der Entscheidung, Rad zu fahren, berücksichtigt werden.;Verkehr.jpg;0;1;1;1;1;0;0;0;1;0;1;0
71;Autofahren mit Hörbeeinträchtigung;Konzentration und Kommunikation erhöhen;Als Fahrer mit Hörschädigung sollten Sie Ihre Mitfahrer über Ihre erhöhten Anforderungen informieren.;Eine offene Kommunikation mit Mitfahrern kann Ablenkungen reduzieren und die notwendige erhöhte Konzentration beim Fahren unterstützen.;Autofahren.jpg;0;1;1;1;1;0;0;0;1;0;1;0
72;Technische Hilfen im Auto;Verbesserung der Kommunikation beim Autofahren;Nutzen Sie technische Lösungen, um die Kommunikation im Auto zu erleichtern, wie z.B. Verstärkungssysteme.;Technische Hilfsmittel können Gespräche im Auto verbessern. Eine Beratung durch Fachleute kann dabei helfen, die geeigneten Systeme zu finden.;Autofahren.jpg;1;1;1;1;1;0;0;0;1;0;1;0
73;Umgang mit unsichtbarem Handicap im Strassenverkehr;Bewusstsein für Umgebungsreaktionen;Seien Sie sich bewusst, dass andere Verkehrsteilnehmer Ihr Handicap nicht erkennen können.;Da Ihr Handicap aufgrund Ihrer Hörbeeinträchtigung nicht sichtbar ist, gehen andere Verkehrsteilnehmer möglicherweise davon aus, dass Sie akustische Signale wahrnehmen können, was jedoch eingeschränkt sein könnte.;Autofahren.jpg;0;1;1;1;1;0;0;0;1;0;1;0
74;Die richtige Fahrzeugwahl;Angenehmes Fahrerlebnis sicherstellen;Achten Sie bei der Neuanschaffung eines Fahrzeugs auf die Lautstärke des Fahrzeugs (Motor, Gebläse, etc.) und auf die akustischen Signale wie  Blinker, Lichtwarntöne und Alarmsignale beim Einparken oder Rückwärtsfahren.;Ein leises Fahrzeuginterieur ermöglicht es die vorhandenen Hörkapazitäten optimal zu nutzen. Die Erkennung der akustischen Signale ist essenziell, um auf potenzielle Gefahren beim Fahren adäquat reagieren zu können.;Autofahren.jpg;1;1;1;1;1;0;0;0;1;0;1;0
75;Kommunikation im Fahrzeug;Klare Kommunikation während der Fahrt;Prüfen Sie, ob die Freisprechanlage eine klare Kommunikation ermöglicht und ob Gespräche gut übertragbar sind.;Die Qualität der Freisprechanlage ist besonders wichtig um während der Fahrt effektiv kommunizieren zu können.;Autofahren.jpg;1;1;1;1;1;0;0;1;1;0;1;0
76;Informationszugang in öffentlichen Verkehrsmitteln;Bessere Orientierung in öffentlichen Verkehrsmitteln;Nutzen Sie visuelle Informationsquellen wie Anzeigetafeln, LCD-Anzeigen oder Bildschirme in öffentlichen Verkehrsmitteln, um akustische Durchsagen zu ergänzen.;Da Durchsagen oft undeutlich sind, bietet die visuelle Ergänzung durch Anzeigetafeln und Bildschirme eine wichtige Informationsquelle. Dies erleichtert das Verständnis von Routenänderungen und Ankündigungen in öffentlichen Verkehrsmitteln.;bahnhof.jpg;1;0;0;0;0;0;0;0;1;0;1;0
77;Informationszugang in öffentlichen Verkehrsmitteln;Bessere Orientierung in öffentlichen Verkehrsmitteln;Nutzen Sie visuelle Informationsquellen wie Anzeigetafeln, LCD-Anzeigen oder Bildschirme in öffentlichen Verkehrsmitteln, um akustische Durchsagen zu ergänzen.;Da Durchsagen oft undeutlich sind, bietet die visuelle Ergänzung durch Anzeigetafeln und Bildschirme eine wichtige Informationsquelle für Hörgeschädigte. Dies erleichtert das Verständnis von Routenänderungen und Ankündigungen in öffentlichen Verkehrsmitteln.;bahnhof.jpg;0;1;1;1;0;0;0;0;1;0;1;0
78;Proaktive Kommunikation im öffentlichen Verkehr;Unterstützung durch Mitreisende;Scheuen Sie sich nicht, Mitreisende um Hilfe zu bitten.;Wenn Sie Schwierigkeiten haben, Lautsprecherdurchsagen zu verstehen, können Sie sich durch Schriftkommunikation mit anderen Passagieren oder dem Personal helfen lassen.;bahnhof.jpg;1;1;1;1;0;0;0;0;1;0;1;0
79;Proaktive Kommunikation im öffentlichen Verkehr;Unterstützung durch Mitreisende;Scheuen Sie sich nicht, Mitreisende um Hilfe zu bitten.;Wenn Sie Schwierigkeiten haben, Lautsprecherdurchsagen zu verstehen, können Sie sich durch Schriftkommunikation mit anderen Passagieren oder dem Personal helfen lassen.;bahnhof.jpg;1;0;0;0;0;0;0;0;1;0;1;0
80;Proaktive Kommunikation im öffentlichen Verkehr;Unterstützung durch Mitreisende;Seien Sie mutig, fragen Sie nach, und teilen Sie ihnen mit, dass Sie ein Hörproblem haben.;"Wenn Sie Schwierigkeiten haben, Lautsprecherdurchsagen zu verstehen, können Sie sich durch Schriftkommunikation mit anderen Passagieren oder dem Personal helfen lassen.
Das Einholen von Hilfe bei anderen Personen kann eine effektive Strategie sein, um in Echtzeit Informationen zu erhalten, da viele Menschen bereit sind zu helfen, wenn sie über das Hörproblem informiert sind.";bahnhof.jpg;0;1;1;1;0;0;0;0;1;0;1;0
81;Vergünstigungen bei öffentlichen Verkehrsmitteln;Nutzung von Vergünstigungen;Prüfen Sie die Möglichkeiten einer Ermässigung mit einem zweifarbigen Schwerbehindertenausweis im ÖPNV oder bei der Kfz-Steuer.;Personen mit einem Schwerbehindertenausweis können Vergünstigungen im öffentlichen Verkehr erhalten. Informieren Sie sich bei Beratungsstellen für Hörgeschädigte oder den zuständigen Ämtern.;bahnhof.jpg;0;1;1;1;0;0;0;0;1;0;1;0
82;Informationsbeschaffung;Besserer Zugang zu Vergünstigungen;Informieren Sie sich beim Landesamt für Soziales über zustehende Vergünstigungen.;Umfassende Information und Beratung helfen dabei, alle zur Verfügung stehenden Ressourcen und Unterstützungsmöglichkeiten auszuschöpfen.;bahnhof.jpg;1;0;0;0;0;0;0;0;1;0;1;0
83;Informationsbeschaffung;Besserer Zugang zu Vergünstigungen;Informieren Sie sich bei Beratungsstellen für Hörgeschädigte oder dem Landesamt für Soziales über zustehende Vergünstigungen.;Umfassende Information und Beratung helfen dabei, alle zur Verfügung stehenden Ressourcen und Unterstützungsmöglichkeiten auszuschöpfen.;bahnhof.jpg;0;1;1;1;0;0;0;0;1;0;1;0
84;Navigation an Bahnhöfen;Aktuelle Reiseinformationen auf Bahnsteigen und Bahnhöfen;Nutzen Sie den Service der Bahn um Informationen über Pünktlichkeit und Bahnhofspläne zu erhalten. Registrieren Sie sich für E-Mail- oder SMS-Updates der Bahn, um über Fahrplanänderungen informiert zu werden.;Eine Anmeldung bei digitalen Diensten sichert Ihnen rechtzeitige Informationen bei Änderungen, die für eine problemlose Reiseplanung entscheidend sind.;bahnhof.jpg;1;0;0;0;0;0;0;0;1;0;1;0
85;Navigation an Bahnhöfen für Hörgeschädigte;Aktuelle Reiseinformationen auf Bahnsteigen und Bahnhöfen;Nutzen Sie den Service der Bahn für Hörgeschädigte, um Informationen über Pünktlichkeit und Bahnhofspläne zu erhalten. Registrieren Sie sich für E-Mail- oder SMS-Updates der Bahn, um über Fahrplanänderungen informiert zu werden.;Die speziellen Dienste bieten Zugriff auf visuelle Informationen und Updates, die helfen, akustische Verständnisprobleme auf Bahnhöfen zu umgehen.;bahnhof.jpg;0;1;1;1;0;0;0;0;1;0;1;0
86;Informationen auf Flügen;Zugang zu visuellen Fluginformationen;Nutzen Sie die Monitore für Fluginformationen und bleiben Sie in Kontakt mit dem Bordpersonal.;Die Monitore an Bord bieten eine stetige Quelle visueller Informationen, und das Flugpersonal ist für persönliche Unterstützung verfügbar, was die Kommunikation erleichtert.;Flughafen.jpg;1;1;1;1;0;0;0;0;1;0;1;0
87;Sicherheitskontrolle bei Flugreisen;Reibungslos durch die Sicherheitskontrolle;Packen Sie Zusatzgeräte sichtbar ein und seien Sie bereit, diese bei der Sicherheitskontrolle zu erklären.;Offenheit und Transparenz bei der Sicherheitskontrolle verhindern Missverständnisse und erleichtern den Prozess, falls Unklarheiten über Ihre Zusatzgeräte bestehen.;Flughafen.jpg;0;0;1;1;0;0;0;0;1;0;1;0
88;Umgang mit Implantaten bei Flugreisen;Vermeidung von Komplikationen bei Flugreisen;Informieren Sie sich vorab über Bestimmungen zu Implantaten und führen Sie immer Ihren Implantat-Ausweis mit.;Eine vorherige Abklärung mit Ihrem Arzt und das Mitführen eines Implantat-Ausweises verhindern Probleme an Sicherheitsschleusen und sorgen für ein reibungsloses Passieren.;Flughafen.jpg;0;0;1;1;0;0;0;0;1;0;1;0
89;Elektronische Interferenzen;Umgang mit Interferenzen an Bord;Seien Sie darauf vorbereitet, Ihre Hörgeräte bei Interferenzen abzuschalten.;"Das Wissen um potenzielle elektromagnetische Interferenzen  hilft, vorbereitet zu sein und notfalls auf alternative Kommunikationsmittel zurückzugreifen.
Interferenzen bei Hörgeräten treten auf, wenn elektromagnetische Wellen von externen Quellen wie Mobiltelefonen, Computern oder anderen elektronischen Geräten die Funktionsweise des Hörgeräts stören. Diese Interferenzen können sich durch Rauschen, Verzerrungen oder ein unerwünschtes Pfeifen im Hörgerät bemerkbar machen, was die Klangqualität und die Verständlichkeit für den Nutzer beeinträchtigt.";Flughafen.jpg;0;0;1;1;0;0;0;0;1;0;1;0
90;Druckausgleich bei Flugreisen;Komfortables Reisen trotz Druckveränderungen;Verwenden Sie Mittel zum Druckausgleich wie Lutschbonbons oder Kaugummi.;Bonbons und Kaugummi helfen beim Druckausgleich im Ohr, was bei den Druckveränderungen während des Fluges wichtig ist.;Flughafen.jpg;1;1;0;0;0;0;0;0;1;0;1;0
91;Druckausgleich bei Flugreisen;Komfortables Reisen trotz Druckveränderungen;Verwenden Sie Mittel zum Druckausgleich wie Lutschbonbons oder Kaugummi. Entwfernen Sie bei Beschwerden die Hörgeräte.;Bonbons und Kaugummi helfen beim Druckausgleich im Ohr, was besonders für Hörgeräteträger bei den Druckveränderungen während des Fluges wichtig ist. Sollten diese Massnahmen nicht helfen, kann das Herausnehmen der Hörgeräte Druck und Unbehagen vermindern.;Flughafen.jpg;0;0;1;1;0;0;0;0;1;0;1;0
92;Reise-Checkliste;Für einen entspannten Reisebeginn sorgen;"Aufbewahrungsbox für die Hörgeräte
Eventuell Ersatzhörgeräte
Trockenbox
Reinigungsset mit Desinfektionsmittel bei Reisen ins subtropische Klima
Batterien oder Akku-Ladegeräten für die Hörgeräte und die sonstigen Zusatzgeräte, die Sie mitnehmen
Handy für SMS und auch zum Wecken mithilfe von Licht oder Vibration

Bei starken Hörproblemen: kleine Funkanlagen für Gesprächspartner
Aufkleber und Hinweiskarte mit Hörgeschädigtensymbol - auch in der Gastlandsprache, den Schwerbehindertenausweis
Zettel und Stift griffbereit oder eine „Zaubertafel”";Einge gute Vorbereitung sorgt für einen entspannten Reisebeginn. ;Flughafen.jpg;0;0;1;1;0;0;0;0;1;0;1;0
93;Sicherheit bei Sirenen und Alarm;Bewusstsein für Alarme stärken;Nutzen Sie spezialisierte Alarmierungssysteme, die auch Lichtsignale senden.;Da Hörgeschädigte Sirenen und Alarmsignale möglicherweise nicht hören können, sind Systeme, die visuelle Signale wie Licht verwenden, essenziell, um auf potenzielle Gefahren aufmerksam zu machen.;sirenen.jpg;0;1;1;1;1;1;1;0;0;0;1;1
94;Schutz in der Öffentlichkeit;Persönliche Sicherheit im Freien erhöhen;Bevorzugen Sie gut beleuchtete Wege und nutzen Sie tragbare Alarmanlagen oder eine Trillerpfeife.;Eine gute Beleuchtung macht andere Personen sichtbarer und mindert das Risiko, überrascht zu werden. Tragbare Alarmanlagen oder einfache Trillerpfeifen können als Abschreckung und zur Alarmierung bei Überfällen dienen.;schutz.jpg;1;1;1;1;1;0;1;0;1;0;1;0
95;Erkennung von Feueralarmen;Wahrnehmung von Feueralarmen verbessern;Sorgen Sie für Feuer- und Rauchmelder, die auch Lichtsignale abgeben.;Standard-Feuermelder sind oft akustisch und daher für Hörgeschädigte im Schlaf nicht effektiv. Systeme, die Lichtsignale aussenden, können lebensrettend sein, da sie die Aufmerksamkeit visuell erregen.;sirenen.jpg;0;1;1;1;1;1;1;0;0;0;0;1
96;Anpassung des Arbeitsumfeldes;Schaffung eines hörgerechten Arbeitsplatzes;Fragen Sie nach organisatorischen Änderungen, um die Geräuschbelastung am Arbeitsplatz zu reduzieren und die Kommunikation zu erleichtern.;Ein Arbeitsplatz, der auf Ihre Höranforderungen abgestimmt ist, kann Stress reduzieren und Ihre Produktivität sowie das Wohlbefinden am Arbeitsplatz steigern.;Arbeit.jpg;0;1;1;1;0;1;0;0;0;0;0;0
97;Unterstützung durch Kollegen bei der Arbeit;Förderung des Verständnisses und der Kooperation am Arbeitsplatz;Gewinnen Sie Ihre Kollegen dafür, an hörgerechten Lösungen mitzuarbeiten und sich in Ihre Situation einzufühlen.;Einfühlsame Kollegen, die Ihre Situation verstehen, können wesentlich zur Verbesserung Ihres Arbeitsalltags beitragen, indem sie Kommunikationshürden abbauen.;Arbeit.jpg;0;1;1;1;0;1;0;0;0;0;0;0
98;Offene Kommunikation bei der Arbeit;Vermeidung von Missverständnissen am Arbeitsplatz;Teilen Sie Ihren Kollegen mit, welche Herausforderungen Sie mit Ihrer Hörbeeinträchtigung haben.;Eine offene Kommunikation über Ihre Hörprobleme hilft, Missverständnisse zu klären und ein gegenseitiges Verständnis zu schaffen, das Spannungen am Arbeitsplatz vorbeugt und die Zusammenarbeit verbessert.;Arbeit.jpg;0;1;1;1;0;1;0;1;0;0;0;0
99;Einbindung in die Arbeitsgemeinschaft;Stärkung des Zugehörigkeitsgefühls im Team;Erklären Sie, dass der informelle Austausch für Sie herausfordernd sein kann und Sie manchmal Informationen verpassen.;Dieses Bewusstsein bei Ihren Kollegen hilft dabei, ein Umfeld zu schaffen, in dem bewusst auf eine inklusive Kommunikation geachtet wird, damit Sie sich integriert und nicht ausgeschlossen fühlen. Dadurch kann ein stärkeres Gemeinschaftsgefühl und gegenseitiges Vertrauen am Arbeitsplatz entstehen.;Arbeit.jpg;0;1;1;1;0;1;0;1;0;0;0;0
100;Umgang mit Distanzgefühl;Überwindung des Gefühls von Isolation am Arbeitsplatz;Sprechen Sie über das Gefühl der Distanz und das Risiko, sich ausgeschlossen zu fühlen, um Unterstützung und Verständnis zu finden.;Wenn Kollegen verstehen, dass die Distanz, die durch Kommunikationsschwierigkeiten entsteht, schmerzhaft und isolierend sein kann, können sie empathischer reagieren und sicherstellen, dass Sie in alle relevanten Gespräche einbezogen werden und sich wertgeschätzt fühlen.;Gespräch.jpg;0;1;1;1;0;0;0;1;0;0;0;0
101;Kommunikationsbelastung erklären;Sensibilisierung für die Anstrengung in Gesprächen;Erklären Sie, dass Gespräche und Diskussionen für Sie anstrengender sind als für Personen ohne Hörbeeinträchtigung.;Dieses Wissen kann zu mehr Geduld und Verständnis im Umgang führen und Kollegen anregen, unterstützende Kommunikationsformen zu praktizieren.;Gespräch.jpg;0;1;1;1;0;0;0;1;0;0;0;0
102;Kommunikationsrichtlinien festlegen;Natürliche Kommunikation sicherstellen;Bitten Sie darum, dass Kollegen weder lauter noch langsamer sprechen, sondern in einem normalen Tonfall mit Ihnen kommunizieren.;Dies vereinfacht die Kommunikation, indem es unnötige Verzerrungen und Missverständnisse verhindert und die Interaktion normalisiert.;Gespräch.jpg;0;1;1;1;0;0;0;1;0;0;0;0
103;Lippenlesen ermöglichen;Optimierung der Verständigung;Weisen Sie darauf hin, dass es für Sie wichtig ist, den Mund des Sprechenden sehen zu können und dass man Sie beim Sprechen anschauen sollte.;Dies erleichtert das Lippenlesen, was ein wesentliches Hilfsmittel für Hörgeschädigte ist, um Gesprächen folgen zu können.;Gespräch.jpg;0;1;1;1;0;0;0;1;0;0;0;0
104;Persönliche Rückzugsmomente;Verständnis für persönliche Grenzen;Erklären Sie, dass es nicht an persönlicher Ablehnung liegt, wenn Sie sich manchmal zurückziehen, sondern dass Interaktionen sehr anstrengend sein können.;Dies schafft Empathie für Ihre Situation und hilft, Missverständnisse zu vermeiden, indem klar kommuniziert wird, dass solche Momente zur Selbstfürsorge notwendig sind.;Gespräch.jpg;0;1;1;1;0;0;0;1;0;0;0;0
105;Aktive Nutzung unterstützender Technologien;Volle Nutzung der Hörkapazitäten im Berufsalltag erreichen;Tragen Sie konsequent Ihre Hörgeräte und setzen Sie ergänzende Technologien sowie Hörstrategien ein.;Der kombinierte Einsatz von Hörgeräten, Zusatztechnik und gezieltem Hörtraining ermöglicht es Hörgeschädigten, sich optimal an die akustischen Herausforderungen am Arbeitsplatz anzupassen.;Hörgerät.jpg;0;0;1;1;1;0;0;0;0;0;0;0
106;Optimierung des Arbeitsplatzes;Arbeitsplatz hörgeschädigtenfreundlich einrichten;Integrieren Sie schallschluckende Elemente und sorgen Sie für festschliessende Fenster.;Schallschluckende Materialien und Fenster, die Aussengeräusche minimieren, schaffen eine ruhigere Umgebung, die es Hörgeschädigten erleichtert, sich zu konzentrieren und besser zu kommunizieren.;Arbeit.jpg;0;1;1;1;0;1;0;0;0;0;0;0
107;Räumliche Gestaltung des Arbeitsplatzes;Förderung der Konzentration und Kommunikation;Achten Sie auf eine raumgestalterische Planung, die Konzentration und Übersicht unterstützt.;Eine durchdachte Anordnung des Arbeitsplatzes, wie die Positionierung mit Blick zum Eingang, erleichtert das Erkennen von Personenbewegungen und unterstützt somit die nonverbale Kommunikation.;Arbeit.jpg;0;1;1;1;0;1;0;0;0;0;0;0
108;Stabile Arbeitsplatzbedingungen;Kontinuität und Verlässlichkeit am Arbeitsplatz;Halten Sie Ihren Arbeitsplatz konstant, um die technischen Hilfsmittel immer griffbereit zu haben.;Ein fester Arbeitsplatz ermöglicht es, dass notwendige Hilfsmittel wie spezielle Telefonanlagen oder Signalverstärker stets an ihrem Platz sind und die Arbeitsroutinen erleichtern.;Arbeit.jpg;0;1;1;1;0;1;0;0;0;0;0;0
109;Beleuchtung und Sichtkontakt am Arbeitsplatz;Verbesserung der Lippenlesbarkeit;Sorgen Sie für gute Beleuchtung und direkten Sichtkontakt während der Konversation.;Eine angemessene Beleuchtung ist entscheidend, um das Mundbild der Gesprächspartner besser erkennen und das Lippenlesen erleichtern zu können, was für Hörgeschädigte von grosser Bedeutung ist.;Arbeit.jpg;0;1;1;1;0;1;0;0;0;0;0;0
110;Einzelbüros für fokussiertes Arbeiten;Konzentration bei der Arbeit erhöhen;Erwägen Sie einen einzelnen Arbeitsraum, falls dies Ihre Produktivität steigert.;Ein Einzelbüro kann Störungen minimieren und es Hörgeschädigten ermöglichen, sich besser auf ihre Arbeit zu konzentrieren, wobei individuelle Präferenzen zu beachten sind.;Arbeit.jpg;0;1;1;1;0;1;0;0;0;0;0;0
111;Klare Verständigung in Meetings;Gewährleisten Sie Verständlichkeit auch in Gruppensituationen;Setzen Sie Induktionsanlagen oder Zusatzmikrofone bei Meetings ein oder verbinden Sie Ihre Hörgeräte per Funk mit verschiedenen Geräten.;Diese Technologien übertragen die Stimme des Sprechers direkt an das Hörgerät, um die Verständigung zu verbessern.;Gespräch.jpg;0;0;1;1;0;1;0;1;0;0;0;0
112;Optimale Positionierung im Gespräch;Klare Kommunikation sicherstellen;Sorgen Sie dafür, dass Ihr Gesprächspartner Ihnen direkt gegenübersitzt und nicht zu weit entfernt ist, um das Lippenlesen zu erleichtern.;Eine frontale Positionierung des Gesprächspartners und geringe Distanz erleichtern das Ablesen von den Lippen.;Gespräch.jpg;1;0;0;0;1;0;0;1;0;0;0;0
113;Optimale Positionierung im Gespräch;Klare Kommunikation sicherstellen;Sorgen Sie dafür, dass Ihr Gesprächspartner Ihnen direkt gegenübersitzt und nicht zu weit entfernt ist, um das Lippenlesen zu erleichtern.;Eine frontale Positionierung des Gesprächspartners und geringe Distanz erleichtern das Ablesen von den Lippen, was die Verständigung bei Hörschädigung unterstützt.;Gespräch.jpg;0;1;1;1;1;0;0;1;0;0;0;0
114;Positionierung gemäss Hörstärke;Effektive Nutzung des besseren Ohrs;Platzieren Sie Ihr Gegenüber auf der Seite Ihres besseren Ohrs, um die Hörqualität im Gespräch zu verbessern.;Das Sitzen auf der Seite des besseren Ohrs nutzt die Hörstärke optimal aus.;Gespräch.jpg;0;1;1;1;1;0;0;1;0;0;0;0
115;Umgang mit seitlichem Ansprechen;Vermeidung von Missverständnissen;Erklären Sie Ihrem Umfeld, dass Ansprechen von der Seite oder von hinten für Sie ungünstig ist.;Direkte Kommunikation ist für Hörgeschädigte essenziell, da seitliches oder von hinten kommendes Ansprechen schwer zu verstehen ist.;Gespräch.jpg;0;1;1;1;1;0;0;1;0;0;0;0
116;Verständnis für räumliche Distanz;Bewusstsein für räumliche Herausforderungen schaffen;Teilen Sie anderen mit, dass Sie Zurufe aus anderen Räumen oder Etagen nicht wahrnehmen können.;Dies schafft Verständnis dafür, dass Hörgeschädigte direkte Nähe benötigen, um an Gesprächen teilnehmen zu können.;Gespräch.jpg;0;1;1;1;1;0;0;1;0;0;0;0
117;Umgang mit Bewegung beim Sprechen;Verbesserung des Gesprächsflusses;Informieren Sie Gesprächspartner, dass Herumlaufen im Raum die Kommunikation erschwert.;Hochpreisige Hörgeräte können nur begrenzt Umgebungslärm filtern, daher ist es hilfreich, wenn die Personen während des Sprechens stillstehen.;Gespräch.jpg;0;0;1;1;1;0;0;1;0;0;0;0
118;Restaurantbesuche optimieren;Angenehmes Ambiente schaffen;Wählen Sie ruhigere Besuchszeiten und reservieren Sie strategisch günstige Plätze. Setzen Sie sich mit dem Rücken zur Wand am Rand des Raumes oder vor schallschluckende Materialien.;Um den Lärmpegel zu reduzieren, besuchen Sie Restaurants zu weniger frequentierten Zeiten und vermeiden Sie Plätze nahe der Küche, Eingangstür oder grossen Gruppen. Die Positionierung gegenüber einer Wand und abseits des Haupttrubels hilft, den direkten Schall zu minimieren und das Lippenlesen zu erleichtern.;Restaurant.jpg;1;1;1;1;0;0;0;0;0;1;1;0
119;Akustische Umgebung kontrollieren;Hintergrundgeräusche minimieren;Bitten Sie um Absenkung der Musiklautstärke oder um einen Platz in einem ruhigeren Bereich.;Sprechen Sie mit dem Personal, um eine ruhigere Sitzgelegenheit zu bekommen, und bitten Sie darum, die Musik leiser zu stellen.;Restaurant.jpg;1;0;0;0;0;0;0;1;0;1;1;0
120;Akustische Umgebung kontrollieren;Hintergrundgeräusche minimieren;Bitten Sie um Absenkung der Musiklautstärke oder um einen Platz in einem ruhigeren Bereich.;Sprechen Sie mit dem Personal, um eine ruhigere Sitzgelegenheit zu bekommen, und bitten Sie darum, die Musik leiser zu stellen, um Ihr Hörerlebnis zu verbessern.;Restaurant.jpg;0;1;1;1;0;0;0;1;0;1;1;0
121;Kommunikationshilfen nutzen;Verbesserung der Kommunikation mit dem Servicepersonal;Informieren Sie das Personal über Ihre Hörbeeinträchtigung und bitten Sie bei Bedarf um schriftliche Kommunikation.;Offene Kommunikation über Ihre Bedürfnisse hilft dem Personal, besser auf Sie einzugehen und Missverständnisse zu vermeiden.;Restaurant.jpg;0;1;1;1;0;0;0;1;0;1;1;0
122;Reduktion von Hall zuhause;Verringern Sie den Nachhall in Ihren Wohnräumen;Verwenden Sie schalldämpfende Einrichtungsgegenstände wie Gardinen, Teppiche, Kissen und Polstermöbel.;Durch die Ausstattung Ihres Heims mit Textilien und weichen Materialien können Sie den Nachhall reduzieren, was das Hören und Verstehen in Gesprächen erleichtert.;Zu Hause.jpg;1;1;1;1;0;0;0;0;0;0;0;1
123;Schallschluckende Pflanzen;Erhöhen Sie die Schalldämpfung in Wohnbereichen;Integrieren Sie Grünpflanzen in Ihre Wohnräume, die Schall absorbieren können.;Pflanzen tragen nicht nur zur Ästhetik bei, sondern können auch effektiv Schallwellen absorbieren und so die Akustik verbessern.;Zu Hause.jpg;1;1;1;1;0;0;0;0;0;0;0;1
124;Platzwahl bei Veranstaltungen;Optimieren Sie Ihre Wahrnehmung bei öffentlichen Veranstaltungen;Bevorzugen Sie bei Vorträgen oder im Theater Sitzplätze in den vorderen Reihen.;Ein Sitzplatz in der Nähe des Geschehens hilft Ihnen, dem Verlauf besser zu folgen und visuelle Signale wie Gestik und Mimik des Sprechers zu erfassen.;Ticket.jpg;1;1;1;1;0;0;0;0;0;1;1;0
125;Gästemanagement bei Einladungen;Schaffen Sie eine angenehme Atmosphäre für alle;Beschränken Sie die Anzahl der Gäste bei eigenen Einladungen.;Eine geringere Anzahl an Gästen führt zu weniger Hintergrundlärm und macht es leichter, sich auf einzelne Gespräche zu konzentrieren.;feier.jpg;1;1;1;1;0;0;0;0;0;1;0;1
126;Sprechdisziplin im Gespräch;Verbesserte Verständigung in Unterhaltungen;Bitten Sie Gesprächsteilnehmer nicht durcheinander zu sprechen und jeden ausreden zu lassen.;Eine klare Sprechdisziplin hilft hörgeschädigten Menschen, Gespräche besser zu folgen, da Überlappungen in der Kommunikation minimiert werden.;Gespräch.jpg;1;1;1;1;1;0;0;1;0;0;0;0
127;Lippenlesen erleichtern;Erleichterung des Lippenlesens;Teilen Sie mit, dass freie Sicht auf den Mund für das Lippenlesen wichtig ist und bitten Sie darum, Hände, Gegenstände oder Zigaretten nicht vor dem Mund zu halten.;Klare Sicht auf den Mund des Sprechers erleichtert das Lippenlesen, was für Menschen mit Hörschwierigkeiten essentiell ist, um Gespräche zu verfolgen.;Gespräch.jpg;0;1;1;1;1;0;0;1;0;0;0;0
128;Bewusstes Sprechverhalten;Kommunikation verbessern;Sprechen Sie selbst deutlich, in einem ruhigen Tempo und mit Pausen, um ein Beispiel zu geben.;Wenn Sie klar und bedacht kommunizieren, ist es wahrscheinlicher, dass Ihre Gesprächspartner Ihr Verhalten spiegeln und somit die Kommunikation für Sie erleichtern.;Gespräch.jpg;1;1;1;1;1;0;0;1;0;0;0;0
129;Kommunikationsoffenheit;Offene Kommunikation über Hörprobleme;Informieren Sie Ihr Umfeld proaktiv über Ihr Hörproblem und erklären Sie, was Ihnen die Kommunikation erleichtert.;Indem Sie andere darüber aufklären, dass und wie Sie am besten kommunizieren können (z.B. nicht ins Wort fallen, langsam und deutlich sprechen), erleichtern Sie den Austausch und stellen sicher, dass Ihre Bedürfnisse berücksichtigt werden.;Gespräch.jpg;0;1;1;1;1;0;0;1;0;0;0;0
130;Authentizität im Gespräch;Kommunikation verbessern;Geben Sie offen zu, wenn Sie etwas nicht verstanden haben und bitten Sie um Pausen, wenn nötig.;Dies verhindert Missverständnisse und stellt sicher, dass Gesprächspartner sich Ihrer Kommunikationsbedürfnisse bewusst sind. Zudem ermöglichen Pausen in anstrengenden Gesprächen eine Erholung und bessere Konzentration.;Gespräch.jpg;1;1;1;1;1;0;0;1;0;0;0;0
131;Effektives Nachfragen;Klarheit in der Kommunikation;Stellen Sie gezielte Fragen, basierend auf dem, was Sie verstanden haben, und warten Sie mit Fragen bis zum Satzende.;Gezieltes Nachfragen hilft dabei Missverständnisse aufzuklären und sicherzustellen, dass Sie die vollständige Information erhalten. Insbesondere in der deutschen Sprache ist das Satzende oft informationsreich, was dieses Vorgehen wichtig macht.;Gespräch.jpg;1;1;1;1;1;0;0;1;0;0;0;0
132;Nutzung offener Fragen;Umfassendere Antworten erhalten;Verwenden Sie offene Fragen, die mit „Was“, „Wann“, „Wer“ etc. beginnen, um mehr Informationen zu erhalten.;Offene Fragen erfordern detailliertere Antworten und helfen Ihnen, den Informationskontext besser zu verstehen. Wenn Sie das Gesagte in eigenen Worten zusammenfassen, bestätigen Sie Ihr Verständnis und decken eventuell fehlende Informationen auf.;Gespräch.jpg;1;1;1;1;1;0;0;1;0;0;0;0
133;Realistische Erwartungen bei Gruppengespärchen;Anpassung bei Gruppendiskussionen;Akzeptieren Sie, dass es in grösseren Gruppen schwierig sein kann, allem zu folgen, und bitten Sie um Zusammenfassungen oder Notizen.;In lebhaften Diskussionsrunden ist es nicht immer möglich, alles mitzubekommen. Das Akzeptieren dieser Tatsache und das Bitten um Hilfe in Form von Notizen kann den Druck von Ihnen nehmen und Ihnen ermöglichen, trotzdem am Geschehen teilzunehmen.;Gespräch.jpg;1;1;1;1;1;0;0;1;0;0;0;0
134;Hörgeräte regelmäßig warten;Aufrechterhaltung der Funktionsfähigkeit;Führen Sie regelmäßige Wartungen Ihres Hörgeräts durch oder lassen Sie diese von einem Fachmann durchführen.;Regelmäßige Wartung stellt sicher, dass Ihr Hörgerät optimal funktioniert und verlängert dessen Lebensdauer.;Hörgerät.jpg;0;0;1;1;0;0;1;0;0;0;0;0
135;Batterien überprüfen;Sicherstellen der Stromversorgung;Überprüfen Sie regelmäßig die Batterien und halten Sie Ersatzbatterien bereit.;Schwache oder leere Batterien sind eine häufige Ursache für Hörgeräteprobleme. Regelmäßiges Überprüfen und Austauschen kann viele Probleme verhindern.;Hörgerät.jpg;0;0;1;1;0;0;1;0;0;0;0;0
136;Reinigung des Hörgeräts;Vermeidung von Schäden durch Schmutz und Feuchtigkeit;Reinigen Sie Ihr Hörgerät täglich mit den empfohlenen Werkzeugen und Methoden.;Regelmäßige Reinigung verhindert Schäden durch Schmutz und Feuchtigkeit und sorgt für eine klare Klangqualität.;Hörgerät.jpg;0;0;1;1;0;0;1;0;0;0;0;0
137;Feuchtigkeit vermeiden;Schutz vor Wasserschäden;Bewahren Sie Ihr Hörgerät in einem trockenen Umfeld auf und nutzen Sie gegebenenfalls Trockenboxen.;Feuchtigkeit kann elektronische Komponenten beschädigen. Trockenboxen helfen, das Hörgerät zu schützen.;Hörgerät.jpg;0;0;1;1;0;0;1;0;0;0;0;0
138;Feedback-Probleme beheben;Reduzierung von Pfeifgeräuschen;Überprüfen Sie die Passform des Hörgeräts und ob es korrekt sitzt.;Ein schlecht sitzendes Hörgerät kann zu Feedback und Pfeifgeräuschen führen. Eine Anpassung kann dieses Problem lösen.;Hörgerät.jpg;0;0;1;1;0;0;1;0;0;0;0;0
139;Umgang mit elektromagnetischen Störungen;Vermeidung von Störungen durch elektronische Geräte;Halten Sie Abstand zu Geräten, die elektromagnetische Interferenzen verursachen können.;Elektromagnetische Felder von Geräten wie Mobiltelefonen können die Funktion des Hörgeräts beeinträchtigen.;Hörgerät.jpg;0;0;1;1;0;0;1;0;0;0;0;0
140;Kontrolle der Einstellungen;Optimale Anpassung der Hörgeräte;Überprüfen Sie regelmäßig die Einstellungen Ihres Hörgeräts und passen Sie diese bei Bedarf an.;Falsche Einstellungen können die Leistung beeinträchtigen. Regelmäßige Anpassungen stellen sicher, dass das Gerät Ihren Bedürfnissen entspricht.;Hörgerät.jpg;0;0;1;1;0;0;1;0;0;0;0;0
141;Software-Updates durchführen;Aktualität der Hörgerätetechnologie;Führen Sie Software-Updates durch, wenn diese verfügbar sind.;Updates können die Leistung verbessern und neue Funktionen bereitstellen.;Hörgerät.jpg;0;0;1;1;0;0;1;0;0;0;0;0
142;Professionelle Überprüfung;Fachgerechte Fehlersuche;Lassen Sie Ihr Hörgerät regelmäßig von einem Hörakustiker überprüfen.;Ein Fachmann kann Probleme erkennen und beheben, die Ihnen möglicherweise nicht auffallen.;Hörgerät.jpg;0;0;1;1;0;0;1;0;0;0;0;0
143;Reserve-Hörgerät bereithalten;Vorbereitung auf Notfälle;Überlegen Sie, ein Reserve-Hörgerät für den Notfall bereitzuhalten.;Bei einem Ausfall des Hauptgeräts stellt ein Reserve-Hörgerät sicher, dass Sie weiterhin gut hören können.;Hörgerät.jpg;0;0;1;1;0;0;1;0;0;0;0;0
144;Anpassung an Umgebungsgeräusche;Optimierung des Hörerlebnisses in verschiedenen Umgebungen;Nutzen Sie, falls verfügbar, die Umgebungsgeräuschsteuerung Ihres Hörgeräts.;Moderne Hörgeräte verfügen oft über Einstellungen, die sich automatisch an verschiedene Geräuschumgebungen anpassen, um das Hörerlebnis zu verbessern.;Hörgerät.jpg;0;0;1;1;0;0;1;0;0;0;0;0
145;Vorsicht vor Temperaturschwankungen;Schutz des Hörgeräts vor extremen Temperaturen;Vermeiden Sie die Exposition Ihres Hörgeräts gegenüber extremen Temperaturen.;Starke Temperaturschwankungen können die Elektronik in Hörgeräten beschädigen. Bewahren Sie es in gemäßigten Temperaturen auf.;Hörgerät.jpg;0;0;1;1;0;0;1;0;0;0;0;0
146;Ersatzteile verfügbar halten;Schnelle Lösung bei kleineren Defekten;Halten Sie wichtige Ersatzteile wie Schläuche oder Ohrpassstücke bereit.;Kleinteile des Hörgeräts können leicht verloren gehen oder beschädigt werden. Ersatzteile zu haben, bedeutet, dass Sie kleinere Reparaturen schnell selbst durchführen können.;Hörgerät.jpg;0;0;1;1;0;0;1;0;0;0;0;0
147;Umgang mit Mikrofonproblemen;Klare Sprachübertragung sicherstellen;Reinigen Sie regelmäßig die Mikrofone Ihres Hörgeräts und überprüfen Sie diese auf Blockaden.;Verschmutzte oder blockierte Mikrofone können die Klangqualität erheblich beeinträchtigen. Regelmäßige Reinigung hilft, die Klangklarheit zu erhalten.;Hörgerät.jpg;0;0;1;1;0;0;1;0;0;0;0;0
148;Spezialisierte Reinigungswerkzeuge nutzen;Effektive und sichere Reinigung;Verwenden Sie spezielle Reinigungswerkzeuge für Hörgeräte.;Spezialwerkzeuge sind darauf ausgelegt, Hörgeräte sicher und effektiv zu reinigen, ohne sie zu beschädigen.;Hörgerät.jpg;0;0;1;1;0;0;1;0;0;0;0;0
149;Richtige Lagerung bei Nichtgebrauch;Langfristige Pflege des Hörgeräts;Bewahren Sie das Hörgerät in einem speziellen Etui auf, wenn Sie es nicht tragen.;Eine geeignete Lagerung schützt das Hörgerät vor Schmutz, Staub und Beschädigung, wenn es nicht in Gebrauch ist.;Hörgerät.jpg;0;0;1;1;0;0;1;0;0;0;0;0
150;Umgang mit Ohrwachs;Vermeidung von Verstopfungen;Überprüfen und reinigen Sie regelmäßig die Ohrstücke, um Wachsaufbau zu verhindern.;Ohrwachs kann die Lautsprecheröffnung verstopfen und die Leistung des Hörgeräts beeinträchtigen. Regelmäßige Reinigung hält die Öffnungen frei.;Hörgerät.jpg;0;0;1;1;0;0;1;0;0;0;0;0
151;Einsatz von Verstärker-Apps;Nutzung von Smartphone-Technologie;Erwägen Sie die Nutzung von Verstärker-Apps in Kombination mit Ihrem Hörgerät.;Einige Smartphone-Apps können als zusätzliche Verstärker oder Sound-Manager für Ihr Hörgerät dienen und das Hörerlebnis verbessern.;Hörgerät.jpg;0;0;1;1;0;0;1;0;0;0;0;0
152;Verbindungstests durchführen;Überprüfung der Funktionalität;Führen Sie regelmäßig Hörtests durch, um sicherzustellen, dass Ihr Hörgerät korrekt funktioniert.;Regelmäßige Tests helfen, Probleme frühzeitig zu erkennen und sicherzustellen, dass Ihr Hörgerät optimal funktioniert.;Hörgerät.jpg;0;0;1;1;0;0;1;0;0;0;0;0
153;Regelmäßige Wartung;Längere Lebensdauer der Hörgeräte;Führen Sie regelmäßige Wartungen und Reinigungen Ihrer Hörgeräte durch.;Regelmäßige Wartung und Reinigung verhindern Probleme, die durch Schmutz und Ablagerungen entstehen können.;Hörgerät.jpg;0;0;1;1;0;0;1;0;0;0;0;0
154;Batteriewechsel;Stabile Stromversorgung sicherstellen;Wechseln Sie die Batterien regelmäßig und überprüfen Sie die Batterieklappe auf einfache Handhabung.;Regelmäßiger Batteriewechsel stellt sicher, dass Ihr Hörgerät immer betriebsbereit ist. Eine funktionierende Batterieklappe erleichtert diesen Prozess.;Hörgerät.jpg;0;0;1;1;0;0;1;0;0;0;0;0
155;Reinigung des Ohrstücks;Klare Klangqualität;Reinigen Sie regelmäßig das Ohrstück Ihres Hörgeräts, um es frei von Ohrenschmalz zu halten.;Ein sauberes Ohrstück sorgt für eine bessere Klangqualität und verhindert Verstopfungen durch Ohrenschmalz.;Hörgerät.jpg;0;0;1;1;0;0;1;0;0;0;0;0
156;Ohrstückwechsel;Optimale Passform und Funktion;Tauschen Sie das Ohrstück Ihres Hörgeräts bei Bedarf aus, wie in Anleitungsvideos gezeigt.;Ein richtig sitzendes und intaktes Ohrstück ist entscheidend für den Tragekomfort und die Funktionsfähigkeit des Hörgeräts.;Hörgerät.jpg;0;0;1;1;0;0;1;0;0;0;0;0
157;Vermeidung von Feuchtigkeit;Schutz vor Wasserschäden;Tragen Sie Ihre Hörgeräte nicht unter der Dusche oder beim Schwimmen und schützen Sie sie vor starkem Schwitzen.;Feuchtigkeit kann elektronische Bauteile beschädigen. Vermeiden Sie, Ihre Hörgeräte feuchten Bedingungen auszusetzen.;Hörgerät.jpg;0;0;1;1;0;0;1;0;0;0;0;0
158;Schutz vor Hitze;Vermeidung von Hitzeschäden;Setzen Sie Ihre Hörgeräte keinen hohen Temperaturen aus, wie beim Föhnen oder in der Sauna.;Extreme Hitze kann die Elektronik der Hörgeräte beschädigen und ihre Funktionsfähigkeit beeinträchtigen.;Hörgerät.jpg;0;0;1;1;0;0;1;0;0;0;0;0
159;Aufbewahrungshinweise;Schutz der Hörgeräte bei Nichtgebrauch;Schalten Sie die Hörgeräte aus und bewahren Sie sie in einem sicheren Etui auf, wenn Sie sie nicht tragen.;Das Ausschalten spart Batterielebensdauer, und die Aufbewahrung in einem Etui schützt vor physischen Schäden.;Hörgerät.jpg;0;0;1;1;0;0;1;0;0;0;0;0
160;Fehlerbehebung: Funktioniert nicht;Problemlösung bei Funktionsstörungen;Überprüfen Sie Batterien, Lautsprecher und Ohrstück auf Funktionsfähigkeit und Sauberkeit.;Viele Probleme können durch einfache Überprüfungen und Korrekturen wie Batteriewechsel oder Reinigung behoben werden.;Hörgerät.jpg;0;0;1;1;0;0;1;0;0;0;0;0
161;Fehlerbehebung: Zu leise;Verbesserung der Hörleistung;Reinigen Sie das Ohrstück und den Hörer und überprüfen Sie die Batterien bei zu leiser Wiedergabe.;Verstopfungen und schwache Batterien können die Ursache für eine zu geringe Lautstärke sein.;Hörgerät.jpg;0;0;1;1;0;0;1;0;0;0;0;0
162;Fehlerbehebung: Pfeifgeräusche;Vermeidung von Feedback;Stellen Sie sicher, dass die Hörgeräte richtig sitzen und das Ohrstück sauber ist.;Falscher Sitz oder Verstopfungen können zu Pfeifgeräuschen führen. Eine korrekte Platzierung und Reinigung können dies verhindern.;Hörgerät.jpg;0;0;1;1;0;0;1;0;0;0;0;0
163;Batterielaufzeit optimieren;Maximierung der Batterielebensdauer;Befolgen Sie Tipps zur Batteriepflege: Ausschalten, Trocknen, Aufkleber abziehen und warten, Markenbatterien verwenden.;Diese Praktiken helfen, die maximale Leistung und Lebensdauer der Batterien zu gewährleisten.;Hörgerät.jpg;0;0;1;1;0;0;1;0;0;0;0;0
164;Handhabung und Bedienung;Einfache Nutzung der Hörgeräte;Lernen Sie, wie Sie Ihre Hörgeräte richtig ein- und ausschalten, einsetzen, herausnehmen und die Lautstärke anpassen.;Die korrekte Handhabung und Bedienung Ihrer Hörgeräte trägt wesentlich zu einem problemlosen Hör;Hörgerät.jpg;0;0;1;1;0;0;1;0;0;0;0;0